统计序号,client发送时间(ms),client接收时间(ms),server发送时间(ms),server接收时间(ms),本地总线间隔时间(ms),占比百分比(%),服务端间隔时间(ms),占比百分比(%),对比百分比1 L/S(%),对比百分比2 S/L(%)
0,7542351,7542461,7542383,7542414,79,71.818182,31,28.181818,254.83871,39.240506
1,7542461,7542507,7542461,7542492,15,32.608696,31,67.391304,48.387097,206.666667
2,7542507,7542601,7542539,7542554,79,84.042553,15,15.957447,526.666667,18.987342
3,7542601,7542648,7542617,7542632,32,68.085106,15,31.914894,213.333333,46.875
4,7542648,7542757,7542695,7542710,94,86.238532,15,13.761468,626.666667,15.957447
5,7542757,7542804,7542757,7542788,16,34.042553,31,65.957447,51.612903,193.75
6,7542804,7542897,7542835,7542851,77,82.795699,16,17.204301,481.25,20.779221
7,7542897,7542960,7542913,7542929,47,74.603175,16,25.396825,293.75,34.042553
8,7542960,7543053,7542975,7543007,61,65.591398,32,34.408602,190.625,52.459016
9,7543053,7543100,7543053,7543085,15,31.914894,32,68.085106,46.875,213.333333
10,7543100,7543209,7543131,7543163,77,70.642202,32,29.357798,240.625,41.558442
11,7543209,7543256,7543209,7543225,31,65.957447,16,34.042553,193.75,51.612903
12,7543256,7543350,7543287,7543303,78,82.978723,16,17.021277,487.5,20.512821
13,7543350,7543412,7543350,7543381,31,50,31,50,100,100
14,7543412,7543506,7543428,7543459,63,67.021277,31,32.978723,203.225806,49.206349
15,7543506,7543599,7543553,7543584,62,66.666667,31,33.333333,200,50
16,7543599,7543709,7543631,7543646,95,86.363636,15,13.636364,633.333333,15.789474
17,7543709,7543802,7543755,7543787,61,65.591398,32,34.408602,190.625,52.459016
18,7543802,7543911,7543833,7543849,93,85.321101,16,14.678899,581.25,17.204301
19,7543911,7544005,7543958,7543974,78,82.978723,16,17.021277,487.5,20.512821
20,7544005,7544099,7544036,7544052,78,82.978723,16,17.021277,487.5,20.512821
21,7544099,7544208,7544161,7544177,93,85.321101,16,14.678899,581.25,17.204301
22,7544208,7544301,7544223,7544255,61,65.591398,32,34.408602,190.625,52.459016
23,7544301,7544411,7544348,7544379,79,71.818182,31,28.181818,254.83871,39.240506
24,7544411,7544457,7544426,7544457,15,32.608696,31,67.391304,48.387097,206.666667
25,7544457,7544551,7544504,7544535,63,67.021277,31,32.978723,203.225806,49.206349
26,7544551,7544598,7544582,7544598,31,65.957447,16,34.042553,193.75,51.612903
27,7544598,7544707,7544660,7544676,93,85.321101,16,14.678899,581.25,17.204301
28,7544707,7544754,7544723,7544754,16,34.042553,31,65.957447,51.612903,193.75
29,7544754,7544847,7544801,7544832,62,66.666667,31,33.333333,200,50
30,7544847,7544910,7544879,7544894,48,76.190476,15,23.809524,320,31.25
31,7544910,7545003,7544957,7544972,78,83.870968,15,16.129032,520,19.230769
32,7545003,7545050,7545019,7545050,16,34.042553,31,65.957447,51.612903,193.75
33,7545050,7545159,7545097,7545128,78,71.559633,31,28.440367,251.612903,39.74359
34,7545159,7545206,7545175,7545206,16,34.042553,31,65.957447,51.612903,193.75
35,7545206,7545300,7545253,7545269,78,82.978723,16,17.021277,487.5,20.512821
36,7545300,7545362,7545331,7545347,46,74.193548,16,25.806452,287.5,34.782609
37,7545362,7545456,7545393,7545440,47,50,47,50,100,100
38,7545456,7545549,7545487,7545518,62,66.666667,31,33.333333,200,50
39,7545549,7545612,7545565,7545596,32,50.793651,31,49.206349,103.225806,96.875
40,7545612,7545705,7545643,7545674,62,66.666667,31,33.333333,200,50
41,7545705,7545752,7545721,7545752,16,34.042553,31,65.957447,51.612903,193.75
42,7545752,7545861,7545799,7545830,78,71.559633,31,28.440367,251.612903,39.74359
43,7545861,7545908,7545877,7545893,31,65.957447,16,34.042553,193.75,51.612903
44,7545908,7546002,7545955,7545971,78,82.978723,16,17.021277,487.5,20.512821
45,7546002,7546049,7546017,7546049,15,31.914894,32,68.085106,46.875,213.333333
46,7546049,7546158,7546095,7546127,77,70.642202,32,29.357798,240.625,41.558442
47,7546158,7546205,7546173,7546205,15,31.914894,32,68.085106,46.875,213.333333
48,7546205,7546298,7546251,7546267,77,82.795699,16,17.204301,481.25,20.779221
49,7546298,7546361,7546314,7546345,32,50.793651,31,49.206349,103.225806,96.875
50,7546361,7546454,7546392,7546423,62,66.666667,31,33.333333,200,50
51,7546454,7546501,7546470,7546501,16,34.042553,31,65.957447,51.612903,193.75
52,7546501,7546610,7546548,7546579,78,71.559633,31,28.440367,251.612903,39.74359
53,7546610,7546657,7546626,7546641,32,68.085106,15,31.914894,213.333333,46.875
54,7546657,7546751,7546704,7546719,79,84.042553,15,15.957447,526.666667,18.987342
55,7546751,7546797,7546766,7546797,15,32.608696,31,67.391304,48.387097,206.666667
56,7546797,7546907,7546844,7546875,79,71.818182,31,28.181818,254.83871,39.240506
57,7546907,7546953,7546922,7546953,15,32.608696,31,67.391304,48.387097,206.666667
58,7546953,7547063,7547000,7547016,94,85.454545,16,14.545455,587.5,17.021277
59,7547063,7547109,7547078,7547094,30,65.217391,16,34.782609,187.5,53.333333
60,7547109,7547203,7547141,7547172,63,67.021277,31,32.978723,203.225806,49.206349
61,7547203,7547250,7547219,7547250,16,34.042553,31,65.957447,51.612903,193.75
62,7547250,7547359,7547297,7547312,94,86.238532,15,13.761468,626.666667,15.957447
63,7547359,7547406,7547359,7547390,16,34.042553,31,65.957447,51.612903,193.75
64,7547406,7547499,7547437,7547468,62,66.666667,31,33.333333,200,50
65,7547499,7547562,7547515,7547531,47,74.603175,16,25.396825,293.75,34.042553
66,7547562,7547655,7547593,7547609,77,82.795699,16,17.204301,481.25,20.779221
67,7547655,7547702,7547655,7547687,15,31.914894,32,68.085106,46.875,213.333333
68,7547702,7547811,7547733,7547765,77,70.642202,32,29.357798,240.625,41.558442
69,7547811,7547858,7547811,7547843,15,31.914894,32,68.085106,46.875,213.333333
70,7547858,7547952,7547889,7547905,78,82.978723,16,17.021277,487.5,20.512821
71,7547952,7547999,7547967,7547983,31,65.957447,16,34.042553,193.75,51.612903
72,7547999,7548108,7548030,7548061,78,71.559633,31,28.440367,251.612903,39.74359
73,7548108,7548155,7548108,7548139,16,34.042553,31,65.957447,51.612903,193.75
74,7548155,7548248,7548186,7548217,62,66.666667,31,33.333333,200,50
75,7548248,7548311,7548264,7548279,48,76.190476,15,23.809524,320,31.25
76,7548311,7548404,7548342,7548357,78,83.870968,15,16.129032,520,19.230769
77,7548404,7548451,7548420,7548435,32,68.085106,15,31.914894,213.333333,46.875
78,7548451,7548560,7548482,7548513,78,71.559633,31,28.440367,251.612903,39.74359
79,7548560,7548607,7548560,7548591,16,34.042553,31,65.957447,51.612903,193.75
80,7548607,7548701,7548638,7548654,78,82.978723,16,17.021277,487.5,20.512821
81,7548701,7548747,7548716,7548732,30,65.217391,16,34.782609,187.5,53.333333
82,7548747,7548857,7548779,7548810,79,71.818182,31,28.181818,254.83871,39.240506
83,7548857,7548903,7548857,7548888,15,32.608696,31,67.391304,48.387097,206.666667
84,7548903,7549013,7548935,7548966,79,71.818182,31,28.181818,254.83871,39.240506
85,7549013,7549059,7549013,7549028,31,67.391304,15,32.608696,206.666667,48.387097
86,7549059,7549153,7549091,7549106,79,84.042553,15,15.957447,526.666667,18.987342
87,7549153,7549200,7549153,7549184,16,34.042553,31,65.957447,51.612903,193.75
88,7549200,7549309,7549231,7549262,78,71.559633,31,28.440367,251.612903,39.74359
89,7549309,7549356,7549309,7549340,16,34.042553,31,65.957447,51.612903,193.75
90,7549356,7549449,7549387,7549403,77,82.795699,16,17.204301,481.25,20.779221
91,7549449,7549512,7549465,7549481,47,74.603175,16,25.396825,293.75,34.042553
92,7549512,7549605,7549527,7549559,61,65.591398,32,34.408602,190.625,52.459016
93,7549605,7549699,7549652,7549683,63,67.021277,31,32.978723,203.225806,49.206349
94,7549699,7549761,7549730,7549746,46,74.193548,16,25.806452,287.5,34.782609
95,7549761,7549855,7549808,7549824,78,82.978723,16,17.021277,487.5,20.512821
96,7549855,7549902,7549871,7549902,16,34.042553,31,65.957447,51.612903,193.75
97,7549902,7550011,7549949,7549980,78,71.559633,31,28.440367,251.612903,39.74359
98,7550011,7550058,7550027,7550058,16,34.042553,31,65.957447,51.612903,193.75
99,7550058,7550151,7550105,7550120,78,83.870968,15,16.129032,520,19.230769
100,7550151,7550198,7550167,7550198,16,34.042553,31,65.957447,51.612903,193.75
101,7550198,7550307,7550245,7550276,78,71.559633,31,28.440367,251.612903,39.74359
102,7550307,7550354,7550323,7550339,31,65.957447,16,34.042553,193.75,51.612903
103,7550354,7550448,7550401,7550417,78,82.978723,16,17.021277,487.5,20.512821
104,7550448,7550510,7550479,7550495,46,74.193548,16,25.806452,287.5,34.782609
105,7550510,7550604,7550541,7550573,62,65.957447,32,34.042553,193.75,51.612903
106,7550604,7550651,7550619,7550635,31,65.957447,16,34.042553,193.75,51.612903
107,7550651,7550760,7550697,7550713,93,85.321101,16,14.678899,581.25,17.204301
108,7550760,7550807,7550760,7550791,16,34.042553,31,65.957447,51.612903,193.75
109,7550807,7550900,7550838,7550869,62,66.666667,31,33.333333,200,50
110,7550900,7550963,7550916,7550947,32,50.793651,31,49.206349,103.225806,96.875
111,7550963,7551056,7550994,7551009,78,83.870968,15,16.129032,520,19.230769
112,7551056,7551103,7551056,7551087,16,34.042553,31,65.957447,51.612903,193.75
113,7551103,7551212,7551134,7551165,78,71.559633,31,28.440367,251.612903,39.74359
114,7551212,7551259,7551212,7551228,31,65.957447,16,34.042553,193.75,51.612903
115,7551259,7551353,7551290,7551306,78,82.978723,16,17.021277,487.5,20.512821
116,7551353,7551399,7551353,7551384,15,32.608696,31,67.391304,48.387097,206.666667
117,7551399,7551509,7551431,7551477,64,58.181818,46,41.818182,139.130435,71.875
118,7551509,7551555,7551524,7551555,15,32.608696,31,67.391304,48.387097,206.666667
119,7551555,7551649,7551602,7551618,78,82.978723,16,17.021277,487.5,20.512821
120,7551649,7551711,7551680,7551696,46,74.193548,16,25.806452,287.5,34.782609
121,7551711,7551805,7551743,7551774,63,67.021277,31,32.978723,203.225806,49.206349
122,7551805,7551852,7551821,7551852,16,34.042553,31,65.957447,51.612903,193.75
123,7551852,7551961,7551899,7551930,78,71.559633,31,28.440367,251.612903,39.74359
124,7551961,7552008,7551977,7551992,32,68.085106,15,31.914894,213.333333,46.875
125,7552008,7552102,7552055,7552070,79,84.042553,15,15.957447,526.666667,18.987342
126,7552102,7552148,7552117,7552148,15,32.608696,31,67.391304,48.387097,206.666667
127,7552148,7552258,7552195,7552226,79,71.818182,31,28.181818,254.83871,39.240506
128,7552258,7552304,7552273,7552304,15,32.608696,31,67.391304,48.387097,206.666667
129,7552304,7552398,7552351,7552382,63,67.021277,31,32.978723,203.225806,49.206349
130,7552398,7552460,7552429,7552445,46,74.193548,16,25.806452,287.5,34.782609
131,7552460,7552554,7552507,7552523,78,82.978723,16,17.021277,487.5,20.512821
132,7552554,7552601,7552570,7552601,16,34.042553,31,65.957447,51.612903,193.75
133,7552601,7552710,7552648,7552679,78,71.559633,31,28.440367,251.612903,39.74359
134,7552710,7552757,7552726,7552757,16,34.042553,31,65.957447,51.612903,193.75
135,7552757,7552850,7552804,7552819,78,83.870968,15,16.129032,520,19.230769
136,7552850,7552913,7552866,7552897,32,50.793651,31,49.206349,103.225806,96.875
137,7552913,7553006,7552944,7552960,77,82.795699,16,17.204301,481.25,20.779221
138,7553006,7553053,7553022,7553038,31,65.957447,16,34.042553,193.75,51.612903
139,7553053,7553162,7553084,7553116,77,70.642202,32,29.357798,240.625,41.558442
140,7553162,7553209,7553162,7553194,15,31.914894,32,68.085106,46.875,213.333333
141,7553209,7553303,7553240,7553256,78,82.978723,16,17.021277,487.5,20.512821
142,7553303,7553350,7553318,7553334,31,65.957447,16,34.042553,193.75,51.612903
143,7553350,7553459,7553381,7553412,78,71.559633,31,28.440367,251.612903,39.74359
144,7553459,7553506,7553459,7553490,16,34.042553,31,65.957447,51.612903,193.75
145,7553506,7553599,7553537,7553552,78,83.870968,15,16.129032,520,19.230769
146,7553599,7553662,7553615,7553630,48,76.190476,15,23.809524,320,31.25
147,7553662,7553755,7553677,7553708,62,66.666667,31,33.333333,200,50
148,7553755,7553802,7553755,7553786,16,34.042553,31,65.957447,51.612903,193.75
149,7553802,7553911,7553833,7553864,78,71.559633,31,28.440367,251.612903,39.74359
150,7553911,7553958,7553911,7553927,31,65.957447,16,34.042553,193.75,51.612903
151,7553958,7554052,7553989,7554005,78,82.978723,16,17.021277,487.5,20.512821
152,7554052,7554161,7554114,7554130,93,85.321101,16,14.678899,581.25,17.204301
153,7554161,7554254,7554176,7554208,61,65.591398,32,34.408602,190.625,52.459016
154,7554254,7554348,7554301,7554332,63,67.021277,31,32.978723,203.225806,49.206349
155,7554348,7554457,7554379,7554410,78,71.559633,31,28.440367,251.612903,39.74359
156,7554457,7554504,7554457,7554488,16,34.042553,31,65.957447,51.612903,193.75
157,7554504,7554613,7554535,7554566,78,71.559633,31,28.440367,251.612903,39.74359
158,7554613,7554660,7554613,7554629,31,65.957447,16,34.042553,193.75,51.612903
159,7554660,7554754,7554691,7554707,78,82.978723,16,17.021277,487.5,20.512821
160,7554754,7554800,7554754,7554785,15,32.608696,31,67.391304,48.387097,206.666667
161,7554800,7554910,7554832,7554863,79,71.818182,31,28.181818,254.83871,39.240506
162,7554910,7554956,7554910,7554941,15,32.608696,31,67.391304,48.387097,206.666667
163,7554956,7555050,7554988,7555019,63,67.021277,31,32.978723,203.225806,49.206349
164,7555050,7555112,7555066,7555081,47,75.806452,15,24.193548,313.333333,31.914894
165,7555112,7555206,7555128,7555159,63,67.021277,31,32.978723,203.225806,49.206349
166,7555206,7555253,7555206,7555237,16,34.042553,31,65.957447,51.612903,193.75
167,7555253,7555362,7555284,7555315,78,71.559633,31,28.440367,251.612903,39.74359
168,7555362,7555409,7555362,7555378,31,65.957447,16,34.042553,193.75,51.612903
169,7555409,7555502,7555440,7555456,77,82.795699,16,17.204301,481.25,20.779221
170,7555502,7555549,7555502,7555534,15,31.914894,32,68.085106,46.875,213.333333
171,7555549,7555658,7555580,7555612,77,70.642202,32,29.357798,240.625,41.558442
172,7555658,7555705,7555658,7555690,15,31.914894,32,68.085106,46.875,213.333333
173,7555705,7555799,7555736,7555752,78,82.978723,16,17.021277,487.5,20.512821
174,7555799,7555861,7555814,7555830,46,74.193548,16,25.806452,287.5,34.782609
175,7555861,7555955,7555877,7555908,63,67.021277,31,32.978723,203.225806,49.206349
176,7555955,7556002,7555955,7555986,16,34.042553,31,65.957447,51.612903,193.75
177,7556002,7556111,7556033,7556064,78,71.559633,31,28.440367,251.612903,39.74359
178,7556111,7556158,7556111,7556142,16,34.042553,31,65.957447,51.612903,193.75
179,7556158,7556251,7556189,7556204,78,83.870968,15,16.129032,520,19.230769
180,7556251,7556298,7556267,7556282,32,68.085106,15,31.914894,213.333333,46.875
181,7556298,7556407,7556329,7556360,78,71.559633,31,28.440367,251.612903,39.74359
182,7556407,7556454,7556407,7556438,16,34.042553,31,65.957447,51.612903,193.75
183,7556454,7556563,7556485,7556516,78,71.559633,31,28.440367,251.612903,39.74359
184,7556563,7556610,7556563,7556579,31,65.957447,16,34.042553,193.75,51.612903
185,7556610,7556704,7556641,7556657,78,82.978723,16,17.021277,487.5,20.512821
186,7556704,7556750,7556704,7556735,15,32.608696,31,67.391304,48.387097,206.666667
187,7556750,7556860,7556782,7556813,79,71.818182,31,28.181818,254.83871,39.240506
188,7556860,7556953,7556906,7556922,77,82.795699,16,17.204301,481.25,20.779221
189,7556953,7557062,7556984,7557000,93,85.321101,16,14.678899,581.25,17.204301
190,7557062,7557156,7557109,7557125,78,82.978723,16,17.021277,487.5,20.512821
191,7557156,7557203,7557187,7557203,31,65.957447,16,34.042553,193.75,51.612903
192,7557203,7557312,7557250,7557281,78,71.559633,31,28.440367,251.612903,39.74359
193,7557312,7557406,7557328,7557359,63,67.021277,31,32.978723,203.225806,49.206349
194,7557406,7557499,7557452,7557484,61,65.591398,32,34.408602,190.625,52.459016
195,7557499,7557608,7557530,7557562,77,70.642202,32,29.357798,240.625,41.558442
196,7557608,7557655,7557608,7557640,15,31.914894,32,68.085106,46.875,213.333333
197,7557655,7557749,7557686,7557702,78,82.978723,16,17.021277,487.5,20.512821
198,7557749,7557858,7557811,7557842,78,71.559633,31,28.440367,251.612903,39.74359
199,7557858,7557952,7557889,7557905,78,82.978723,16,17.021277,487.5,20.512821
200,7557952,7557998,7557967,7557983,30,65.217391,16,34.782609,187.5,53.333333
201,7557998,7558108,7558030,7558061,79,71.818182,31,28.181818,254.83871,39.240506
202,7558108,7558154,7558108,7558139,15,32.608696,31,67.391304,48.387097,206.666667
203,7558154,7558264,7558186,7558201,95,86.363636,15,13.636364,633.333333,15.789474
204,7558264,7558310,7558264,7558279,31,67.391304,15,32.608696,206.666667,48.387097
205,7558310,7558404,7558326,7558357,63,67.021277,31,32.978723,203.225806,49.206349
206,7558404,7558451,7558404,7558435,16,34.042553,31,65.957447,51.612903,193.75
207,7558451,7558560,7558482,7558513,78,71.559633,31,28.440367,251.612903,39.74359
208,7558560,7558607,7558560,7558591,16,34.042553,31,65.957447,51.612903,193.75
209,7558607,7558700,7558638,7558669,62,66.666667,31,33.333333,200,50
210,7558700,7558763,7558716,7558732,47,74.603175,16,25.396825,293.75,34.042553
211,7558763,7558856,7558794,7558810,77,82.795699,16,17.204301,481.25,20.779221
212,7558856,7558903,7558872,7558888,31,65.957447,16,34.042553,193.75,51.612903
213,7558903,7559012,7558934,7558966,77,70.642202,32,29.357798,240.625,41.558442
214,7559012,7559059,7559012,7559044,15,31.914894,32,68.085106,46.875,213.333333
215,7559059,7559153,7559090,7559106,78,82.978723,16,17.021277,487.5,20.512821
216,7559153,7559200,7559168,7559184,31,65.957447,16,34.042553,193.75,51.612903
217,7559200,7559309,7559231,7559262,78,71.559633,31,28.440367,251.612903,39.74359
218,7559309,7559356,7559309,7559340,16,34.042553,31,65.957447,51.612903,193.75
219,7559356,7559449,7559387,7559402,78,83.870968,15,16.129032,520,19.230769
220,7559449,7559512,7559465,7559480,48,76.190476,15,23.809524,320,31.25
221,7559512,7559605,7559527,7559558,62,66.666667,31,33.333333,200,50
222,7559605,7559652,7559605,7559636,16,34.042553,31,65.957447,51.612903,193.75
223,7559652,7559761,7559683,7559699,93,85.321101,16,14.678899,581.25,17.204301
224,7559761,7559855,7559808,7559824,78,82.978723,16,17.021277,487.5,20.512821
225,7559855,7559948,7559886,7559902,77,82.795699,16,17.204301,481.25,20.779221
226,7559948,7560058,7560011,7560026,95,86.363636,15,13.636364,633.333333,15.789474
227,7560058,7560151,7560073,7560104,62,66.666667,31,33.333333,200,50
228,7560151,7560260,7560198,7560229,78,71.559633,31,28.440367,251.612903,39.74359
229,7560260,7560354,7560276,7560307,63,67.021277,31,32.978723,203.225806,49.206349
230,7560354,7560463,7560401,7560432,78,71.559633,31,28.440367,251.612903,39.74359
231,7560463,7560557,7560479,7560510,63,67.021277,31,32.978723,203.225806,49.206349
232,7560557,7560650,7560604,7560635,62,66.666667,31,33.333333,200,50
233,7560650,7560760,7560682,7560697,95,86.363636,15,13.636364,633.333333,15.789474
234,7560760,7560853,7560806,7560822,77,82.795699,16,17.204301,481.25,20.779221
235,7560853,7560900,7560884,7560900,31,65.957447,16,34.042553,193.75,51.612903
236,7560900,7561009,7560947,7560978,78,71.559633,31,28.440367,251.612903,39.74359
237,7561009,7561056,7561025,7561056,16,34.042553,31,65.957447,51.612903,193.75
238,7561056,7561150,7561103,7561134,63,67.021277,31,32.978723,203.225806,49.206349
239,7561150,7561212,7561181,7561196,47,75.806452,15,24.193548,313.333333,31.914894
240,7561212,7561306,7561259,7561274,79,84.042553,15,15.957447,526.666667,18.987342
241,7561306,7561352,7561337,7561352,31,67.391304,15,32.608696,206.666667,48.387097
242,7561352,7561462,7561399,7561430,79,71.818182,31,28.181818,254.83871,39.240506
243,7561462,7561508,7561477,7561508,15,32.608696,31,67.391304,48.387097,206.666667
244,7561508,7561602,7561555,7561571,78,82.978723,16,17.021277,487.5,20.512821
245,7561602,7561649,7561633,7561649,31,65.957447,16,34.042553,193.75,51.612903
246,7561649,7561758,7561696,7561727,78,71.559633,31,28.440367,251.612903,39.74359
247,7561758,7561805,7561774,7561805,16,34.042553,31,65.957447,51.612903,193.75
248,7561805,7561898,7561852,7561883,62,66.666667,31,33.333333,200,50
249,7561898,7561961,7561930,7561945,48,76.190476,15,23.809524,320,31.25
250,7561961,7562054,7562008,7562023,78,83.870968,15,16.129032,520,19.230769
251,7562054,7562101,7562070,7562101,16,34.042553,31,65.957447,51.612903,193.75
252,7562101,7562210,7562148,7562164,93,85.321101,16,14.678899,581.25,17.204301
253,7562210,7562257,7562226,7562242,31,65.957447,16,34.042553,193.75,51.612903
254,7562257,7562351,7562288,7562320,62,65.957447,32,34.042553,193.75,51.612903
255,7562351,7562413,7562366,7562398,30,48.387097,32,51.612903,93.75,106.666667
256,7562413,7562507,7562444,7562476,62,65.957447,32,34.042553,193.75,51.612903
257,7562507,7562554,7562522,7562538,31,65.957447,16,34.042553,193.75,51.612903
258,7562554,7562663,7562600,7562616,93,85.321101,16,14.678899,581.25,17.204301
259,7562663,7562710,7562663,7562694,16,34.042553,31,65.957447,51.612903,193.75
260,7562710,7562803,7562741,7562772,62,66.666667,31,33.333333,200,50
261,7562803,7562850,7562819,7562834,32,68.085106,15,31.914894,213.333333,46.875
262,7562850,7562959,7562897,7562912,94,86.238532,15,13.761468,626.666667,15.957447
263,7562959,7563006,7562959,7562975,31,65.957447,16,34.042553,193.75,51.612903
264,7563006,7563100,7563037,7563053,78,82.978723,16,17.021277,487.5,20.512821
265,7563100,7563209,7563162,7563178,93,85.321101,16,14.678899,581.25,17.204301
266,7563209,7563256,7563224,7563256,15,31.914894,32,68.085106,46.875,213.333333
267,7563256,7563349,7563302,7563334,61,65.591398,32,34.408602,190.625,52.459016
268,7563349,7563412,7563380,7563396,47,74.603175,16,25.396825,293.75,34.042553
269,7563412,7563505,7563458,7563474,77,82.795699,16,17.204301,481.25,20.779221
270,7563505,7563552,7563521,7563552,16,34.042553,31,65.957447,51.612903,193.75
271,7563552,7563661,7563599,7563614,94,86.238532,15,13.761468,626.666667,15.957447
272,7563661,7563708,7563677,7563692,32,68.085106,15,31.914894,213.333333,46.875
273,7563708,7563802,7563739,7563770,63,67.021277,31,32.978723,203.225806,49.206349
274,7563802,7563848,7563817,7563848,15,32.608696,31,67.391304,48.387097,206.666667
275,7563848,7563958,7563895,7563911,94,85.454545,16,14.545455,587.5,17.021277
276,7563958,7564004,7563973,7563989,30,65.217391,16,34.782609,187.5,53.333333
277,7564004,7564114,7564036,7564067,79,71.818182,31,28.181818,254.83871,39.240506
278,7564114,7564160,7564114,7564129,31,67.391304,15,32.608696,206.666667,48.387097
279,7564160,7564254,7564192,7564207,79,84.042553,15,15.957447,526.666667,18.987342
280,7564254,7564301,7564254,7564285,16,34.042553,31,65.957447,51.612903,193.75
281,7564301,7564410,7564332,7564363,78,71.559633,31,28.440367,251.612903,39.74359
282,7564410,7564457,7564410,7564426,31,65.957447,16,34.042553,193.75,51.612903
283,7564457,7564550,7564488,7564504,77,82.795699,16,17.204301,481.25,20.779221
284,7564550,7564613,7564550,7564582,31,49.206349,32,50.793651,96.875,103.225806
285,7564613,7564706,7564628,7564660,61,65.591398,32,34.408602,190.625,52.459016
286,7564706,7564800,7564753,7564784,63,67.021277,31,32.978723,203.225806,49.206349
287,7564800,7564909,7564831,7564862,78,71.559633,31,28.440367,251.612903,39.74359
288,7564909,7565003,7564956,7564987,63,67.021277,31,32.978723,203.225806,49.206349
289,7565003,7565112,7565034,7565065,78,71.559633,31,28.440367,251.612903,39.74359
290,7565112,7565159,7565112,7565128,31,65.957447,16,34.042553,193.75,51.612903
291,7565159,7565252,7565174,7565206,61,65.591398,32,34.408602,190.625,52.459016
292,7565252,7565362,7565299,7565330,79,71.818182,31,28.181818,254.83871,39.240506
293,7565362,7565455,7565377,7565408,62,66.666667,31,33.333333,200,50
294,7565455,7565549,7565502,7565533,63,67.021277,31,32.978723,203.225806,49.206349
295,7565549,7565611,7565580,7565611,31,50,31,50,100,100
296,7565611,7565705,7565658,7565674,78,82.978723,16,17.021277,487.5,20.512821
297,7565705,7565752,7565720,7565752,15,31.914894,32,68.085106,46.875,213.333333
298,7565752,7565861,7565798,7565830,77,70.642202,32,29.357798,240.625,41.558442
299,7565861,7565908,7565876,7565892,31,65.957447,16,34.042553,193.75,51.612903
300,7565908,7566001,7565954,7565970,77,82.795699,16,17.204301,481.25,20.779221
301,7566001,7566064,7566017,7566048,32,50.793651,31,49.206349,103.225806,96.875
302,7566064,7566157,7566095,7566126,62,66.666667,31,33.333333,200,50
303,7566157,7566204,7566173,7566204,16,34.042553,31,65.957447,51.612903,193.75
304,7566204,7566313,7566251,7566266,94,86.238532,15,13.761468,626.666667,15.957447
305,7566313,7566360,7566329,7566344,32,68.085106,15,31.914894,213.333333,46.875
306,7566360,7566454,7566391,7566422,63,67.021277,31,32.978723,203.225806,49.206349
307,7566454,7566500,7566469,7566500,15,32.608696,31,67.391304,48.387097,206.666667
308,7566500,7566610,7566547,7566563,94,85.454545,16,14.545455,587.5,17.021277
309,7566610,7566656,7566625,7566641,30,65.217391,16,34.782609,187.5,53.333333
310,7566656,7566750,7566688,7566719,63,67.021277,31,32.978723,203.225806,49.206349
311,7566750,7566812,7566766,7566797,31,50,31,50,100,100
312,7566812,7566906,7566844,7566859,79,84.042553,15,15.957447,526.666667,18.987342
313,7566906,7566953,7566922,7566937,32,68.085106,15,31.914894,213.333333,46.875
314,7566953,7567062,7567000,7567015,94,86.238532,15,13.761468,626.666667,15.957447
315,7567062,7567109,7567062,7567093,16,34.042553,31,65.957447,51.612903,193.75
316,7567109,7567202,7567140,7567171,62,66.666667,31,33.333333,200,50
317,7567202,7567249,7567218,7567234,31,65.957447,16,34.042553,193.75,51.612903
318,7567249,7567358,7567296,7567312,93,85.321101,16,14.678899,581.25,17.204301
319,7567358,7567452,7567358,7567436,16,17.021277,78,82.978723,20.512821,487.5
320,7567452,7567561,7567483,7567514,78,71.559633,31,28.440367,251.612903,39.74359
321,7567561,7567608,7567561,7567592,16,34.042553,31,65.957447,51.612903,193.75
322,7567608,7567702,7567639,7567670,63,67.021277,31,32.978723,203.225806,49.206349
323,7567702,7567764,7567717,7567733,46,74.193548,16,25.806452,287.5,34.782609
324,7567764,7567858,7567795,7567811,78,82.978723,16,17.021277,487.5,20.512821
325,7567858,7567904,7567858,7567889,15,32.608696,31,67.391304,48.387097,206.666667
326,7567904,7568014,7567936,7567967,79,71.818182,31,28.181818,254.83871,39.240506
327,7568014,7568060,7568014,7568045,15,32.608696,31,67.391304,48.387097,206.666667
328,7568060,7568154,7568092,7568107,79,84.042553,15,15.957447,526.666667,18.987342
329,7568154,7568201,7568170,7568185,32,68.085106,15,31.914894,213.333333,46.875
330,7568201,7568310,7568232,7568263,78,71.559633,31,28.440367,251.612903,39.74359
331,7568310,7568357,7568310,7568341,16,34.042553,31,65.957447,51.612903,193.75
332,7568357,7568450,7568388,7568404,77,82.795699,16,17.204301,481.25,20.779221
333,7568450,7568513,7568466,7568482,47,74.603175,16,25.396825,293.75,34.042553
334,7568513,7568606,7568528,7568560,61,65.591398,32,34.408602,190.625,52.459016
335,7568606,7568653,7568606,7568638,15,31.914894,32,68.085106,46.875,213.333333
336,7568653,7568762,7568684,7568716,77,70.642202,32,29.357798,240.625,41.558442
337,7568762,7568809,7568762,7568794,15,31.914894,32,68.085106,46.875,213.333333
338,7568809,7568903,7568840,7568856,78,82.978723,16,17.021277,487.5,20.512821
339,7568903,7568950,7568918,7568934,31,65.957447,16,34.042553,193.75,51.612903
340,7568950,7569059,7568981,7569012,78,71.559633,31,28.440367,251.612903,39.74359
341,7569059,7569106,7569059,7569090,16,34.042553,31,65.957447,51.612903,193.75
342,7569106,7569199,7569137,7569152,78,83.870968,15,16.129032,520,19.230769
343,7569199,7569262,7569215,7569230,48,76.190476,15,23.809524,320,31.25
344,7569262,7569355,7569277,7569308,62,66.666667,31,33.333333,200,50
345,7569355,7569449,7569402,7569433,63,67.021277,31,32.978723,203.225806,49.206349
346,7569449,7569511,7569480,7569511,31,50,31,50,100,100
347,7569511,7569605,7569558,7569574,78,82.978723,16,17.021277,487.5,20.512821
348,7569605,7569652,7569636,7569652,31,65.957447,16,34.042553,193.75,51.612903
349,7569652,7569761,7569698,7569730,77,70.642202,32,29.357798,240.625,41.558442
350,7569761,7569808,7569776,7569792,31,65.957447,16,34.042553,193.75,51.612903
351,7569808,7569901,7569854,7569870,77,82.795699,16,17.204301,481.25,20.779221
352,7569901,7569964,7569917,7569948,32,50.793651,31,49.206349,103.225806,96.875
353,7569964,7570057,7569995,7570026,62,66.666667,31,33.333333,200,50
354,7570057,7570104,7570073,7570088,32,68.085106,15,31.914894,213.333333,46.875
355,7570104,7570213,7570135,7570166,78,71.559633,31,28.440367,251.612903,39.74359
356,7570213,7570260,7570213,7570229,31,65.957447,16,34.042553,193.75,51.612903
357,7570260,7570354,7570291,7570307,78,82.978723,16,17.021277,487.5,20.512821
358,7570354,7570400,7570354,7570385,15,32.608696,31,67.391304,48.387097,206.666667
359,7570400,7570510,7570432,7570463,79,71.818182,31,28.181818,254.83871,39.240506
360,7570510,7570556,7570510,7570525,31,67.391304,15,32.608696,206.666667,48.387097
361,7570556,7570650,7570588,7570603,79,84.042553,15,15.957447,526.666667,18.987342
362,7570650,7570759,7570712,7570728,93,85.321101,16,14.678899,581.25,17.204301
363,7570759,7570806,7570775,7570806,16,34.042553,31,65.957447,51.612903,193.75
364,7570806,7570900,7570853,7570884,63,67.021277,31,32.978723,203.225806,49.206349
365,7570900,7570962,7570931,7570946,47,75.806452,15,24.193548,313.333333,31.914894
366,7570962,7571056,7571009,7571024,79,84.042553,15,15.957447,526.666667,18.987342
367,7571056,7571102,7571071,7571102,15,32.608696,31,67.391304,48.387097,206.666667
368,7571102,7571212,7571149,7571180,79,71.818182,31,28.181818,254.83871,39.240506
369,7571212,7571258,7571227,7571243,30,65.217391,16,34.782609,187.5,53.333333
370,7571258,7571352,7571305,7571321,78,82.978723,16,17.021277,487.5,20.512821
371,7571352,7571399,7571368,7571399,16,34.042553,31,65.957447,51.612903,193.75
372,7571399,7571508,7571446,7571477,78,71.559633,31,28.440367,251.612903,39.74359
373,7571508,7571555,7571524,7571539,32,68.085106,15,31.914894,213.333333,46.875
374,7571555,7571664,7571602,7571617,94,86.238532,15,13.761468,626.666667,15.957447
375,7571664,7571711,7571664,7571695,16,34.042553,31,65.957447,51.612903,193.75
376,7571711,7571804,7571742,7571758,77,82.795699,16,17.204301,481.25,20.779221
377,7571804,7571851,7571820,7571836,31,65.957447,16,34.042553,193.75,51.612903
378,7571851,7571960,7571882,7571914,77,70.642202,32,29.357798,240.625,41.558442
379,7571960,7572007,7571960,7571976,31,65.957447,16,34.042553,193.75,51.612903
380,7572007,7572101,7572038,7572054,78,82.978723,16,17.021277,487.5,20.512821
381,7572101,7572210,7572163,7572179,93,85.321101,16,14.678899,581.25,17.204301
382,7572210,7572304,7572226,7572257,63,67.021277,31,32.978723,203.225806,49.206349
383,7572304,7572413,7572350,7572382,77,70.642202,32,29.357798,240.625,41.558442
384,7572413,7572460,7572428,7572460,15,31.914894,32,68.085106,46.875,213.333333
385,7572460,7572553,7572506,7572522,77,82.795699,16,17.204301,481.25,20.779221
386,7572553,7572600,7572569,7572600,16,34.042553,31,65.957447,51.612903,193.75
387,7572600,7572709,7572647,7572678,78,71.559633,31,28.440367,251.612903,39.74359
388,7572709,7572756,7572725,7572740,32,68.085106,15,31.914894,213.333333,46.875
389,7572756,7572850,7572803,7572818,79,84.042553,15,15.957447,526.666667,18.987342
390,7572850,7572912,7572865,7572896,31,50,31,50,100,100
391,7572912,7573006,7572943,7572974,63,67.021277,31,32.978723,203.225806,49.206349
392,7573006,7573052,7573021,7573037,30,65.217391,16,34.782609,187.5,53.333333
393,7573052,7573162,7573099,7573115,94,85.454545,16,14.545455,587.5,17.021277
394,7573162,7573208,7573162,7573193,15,32.608696,31,67.391304,48.387097,206.666667
395,7573208,7573302,7573240,7573271,63,67.021277,31,32.978723,203.225806,49.206349
396,7573302,7573364,7573318,7573349,31,50,31,50,100,100
397,7573364,7573458,7573396,7573411,79,84.042553,15,15.957447,526.666667,18.987342
398,7573458,7573505,7573474,7573489,32,68.085106,15,31.914894,213.333333,46.875
399,7573505,7573614,7573536,7573567,78,71.559633,31,28.440367,251.612903,39.74359
400,7573614,7573661,7573614,7573645,16,34.042553,31,65.957447,51.612903,193.75
401,7573661,7573754,7573692,7573708,77,82.795699,16,17.204301,481.25,20.779221
402,7573754,7573801,7573770,7573786,31,65.957447,16,34.042553,193.75,51.612903
403,7573801,7573910,7573832,7573864,77,70.642202,32,29.357798,240.625,41.558442
404,7573910,7573957,7573910,7573942,15,31.914894,32,68.085106,46.875,213.333333
405,7573957,7574051,7573988,7574004,78,82.978723,16,17.021277,487.5,20.512821
406,7574051,7574113,7574066,7574082,46,74.193548,16,25.806452,287.5,34.782609
407,7574113,7574207,7574144,7574160,78,82.978723,16,17.021277,487.5,20.512821
408,7574207,7574254,7574207,7574238,16,34.042553,31,65.957447,51.612903,193.75
409,7574254,7574363,7574285,7574316,78,71.559633,31,28.440367,251.612903,39.74359
410,7574363,7574410,7574363,7574378,32,68.085106,15,31.914894,213.333333,46.875
411,7574410,7574503,7574441,7574456,78,83.870968,15,16.129032,520,19.230769
412,7574503,7574612,7574550,7574581,78,71.559633,31,28.440367,251.612903,39.74359
413,7574612,7574706,7574628,7574659,63,67.021277,31,32.978723,203.225806,49.206349
414,7574706,7574800,7574753,7574784,63,67.021277,31,32.978723,203.225806,49.206349
415,7574800,7574862,7574831,7574846,47,75.806452,15,24.193548,313.333333,31.914894
416,7574862,7574956,7574909,7574924,79,84.042553,15,15.957447,526.666667,18.987342
417,7574956,7575002,7574971,7575002,15,32.608696,31,67.391304,48.387097,206.666667
418,7575002,7575112,7575049,7575080,79,71.818182,31,28.181818,254.83871,39.240506
419,7575112,7575158,7575127,7575158,15,32.608696,31,67.391304,48.387097,206.666667
420,7575158,7575252,7575205,7575221,78,82.978723,16,17.021277,487.5,20.512821
421,7575252,7575314,7575268,7575299,31,50,31,50,100,100
422,7575314,7575408,7575346,7575377,63,67.021277,31,32.978723,203.225806,49.206349
423,7575408,7575455,7575424,7575439,32,68.085106,15,31.914894,213.333333,46.875
424,7575455,7575564,7575502,7575517,94,86.238532,15,13.761468,626.666667,15.957447
425,7575564,7575611,7575564,7575595,16,34.042553,31,65.957447,51.612903,193.75
426,7575611,7575704,7575642,7575673,62,66.666667,31,33.333333,200,50
427,7575704,7575751,7575720,7575736,31,65.957447,16,34.042553,193.75,51.612903
428,7575751,7575860,7575798,7575814,93,85.321101,16,14.678899,581.25,17.204301
429,7575860,7575907,7575860,7575892,15,31.914894,32,68.085106,46.875,213.333333
430,7575907,7576001,7575938,7575970,62,65.957447,32,34.042553,193.75,51.612903
431,7576001,7576063,7576016,7576032,46,74.193548,16,25.806452,287.5,34.782609
432,7576063,7576157,7576094,7576110,78,82.978723,16,17.021277,487.5,20.512821
433,7576157,7576204,7576157,7576188,16,34.042553,31,65.957447,51.612903,193.75
434,7576204,7576313,7576235,7576266,78,71.559633,31,28.440367,251.612903,39.74359
435,7576313,7576360,7576313,7576328,32,68.085106,15,31.914894,213.333333,46.875
436,7576360,7576453,7576375,7576406,62,66.666667,31,33.333333,200,50
437,7576453,7576500,7576453,7576484,16,34.042553,31,65.957447,51.612903,193.75
438,7576500,7576609,7576531,7576562,78,71.559633,31,28.440367,251.612903,39.74359
439,7576609,7576703,7576656,7576687,63,67.021277,31,32.978723,203.225806,49.206349
440,7576703,7576812,7576734,7576750,93,85.321101,16,14.678899,581.25,17.204301
441,7576812,7576906,7576859,7576874,79,84.042553,15,15.957447,526.666667,18.987342
442,7576906,7576952,7576937,7576952,31,67.391304,15,32.608696,206.666667,48.387097
443,7576952,7577062,7576999,7577030,79,71.818182,31,28.181818,254.83871,39.240506
444,7577062,7577108,7577077,7577108,15,32.608696,31,67.391304,48.387097,206.666667
445,7577108,7577202,7577155,7577171,78,82.978723,16,17.021277,487.5,20.512821
446,7577202,7577264,7577233,7577249,46,74.193548,16,25.806452,287.5,34.782609
447,7577264,7577358,7577296,7577327,63,67.021277,31,32.978723,203.225806,49.206349
448,7577358,7577405,7577374,7577405,16,34.042553,31,65.957447,51.612903,193.75
449,7577405,7577514,7577452,7577467,94,86.238532,15,13.761468,626.666667,15.957447
450,7577514,7577561,7577514,7577545,16,34.042553,31,65.957447,51.612903,193.75
451,7577561,7577654,7577592,7577623,62,66.666667,31,33.333333,200,50
452,7577654,7577701,7577670,7577701,16,34.042553,31,65.957447,51.612903,193.75
453,7577701,7577810,7577748,7577764,93,85.321101,16,14.678899,581.25,17.204301
454,7577810,7577857,7577826,7577842,31,65.957447,16,34.042553,193.75,51.612903
455,7577857,7577951,7577888,7577920,62,65.957447,32,34.042553,193.75,51.612903
456,7577951,7578013,7577966,7577998,30,48.387097,32,51.612903,93.75,106.666667
457,7578013,7578107,7578044,7578060,78,82.978723,16,17.021277,487.5,20.512821
458,7578107,7578154,7578107,7578138,16,34.042553,31,65.957447,51.612903,193.75
459,7578154,7578263,7578185,7578216,78,71.559633,31,28.440367,251.612903,39.74359
460,7578263,7578310,7578263,7578294,16,34.042553,31,65.957447,51.612903,193.75
461,7578310,7578403,7578341,7578356,78,83.870968,15,16.129032,520,19.230769
462,7578403,7578450,7578419,7578434,32,68.085106,15,31.914894,213.333333,46.875
463,7578450,7578559,7578481,7578512,78,71.559633,31,28.440367,251.612903,39.74359
464,7578559,7578606,7578559,7578590,16,34.042553,31,65.957447,51.612903,193.75
465,7578606,7578700,7578637,7578653,78,82.978723,16,17.021277,487.5,20.512821
466,7578700,7578762,7578715,7578731,46,74.193548,16,25.806452,287.5,34.782609
467,7578762,7578856,7578778,7578809,63,67.021277,31,32.978723,203.225806,49.206349
468,7578856,7578949,7578902,7578934,61,65.591398,32,34.408602,190.625,52.459016
469,7578949,7579012,7578980,7579012,31,49.206349,32,50.793651,96.875,103.225806
470,7579012,7579105,7579058,7579074,77,82.795699,16,17.204301,481.25,20.779221
471,7579105,7579152,7579136,7579152,31,65.957447,16,34.042553,193.75,51.612903
472,7579152,7579261,7579199,7579230,78,71.559633,31,28.440367,251.612903,39.74359
473,7579261,7579308,7579277,7579308,16,34.042553,31,65.957447,51.612903,193.75
474,7579308,7579402,7579355,7579370,79,84.042553,15,15.957447,526.666667,18.987342
475,7579402,7579464,7579433,7579448,47,75.806452,15,24.193548,313.333333,31.914894
476,7579464,7579558,7579495,7579526,63,67.021277,31,32.978723,203.225806,49.206349
477,7579558,7579604,7579573,7579589,30,65.217391,16,34.782609,187.5,53.333333
478,7579604,7579714,7579651,7579667,94,85.454545,16,14.545455,587.5,17.021277
479,7579714,7579760,7579714,7579745,15,32.608696,31,67.391304,48.387097,206.666667
480,7579760,7579854,7579792,7579823,63,67.021277,31,32.978723,203.225806,49.206349
481,7579854,7579901,7579870,7579885,32,68.085106,15,31.914894,213.333333,46.875
482,7579901,7580010,7579948,7579963,94,86.238532,15,13.761468,626.666667,15.957447
483,7580010,7580057,7580010,7580041,16,34.042553,31,65.957447,51.612903,193.75
484,7580057,7580150,7580088,7580104,77,82.795699,16,17.204301,481.25,20.779221
485,7580150,7580213,7580166,7580182,47,74.603175,16,25.396825,293.75,34.042553
486,7580213,7580306,7580228,7580260,61,65.591398,32,34.408602,190.625,52.459016
487,7580306,7580400,7580353,7580384,63,67.021277,31,32.978723,203.225806,49.206349
488,7580400,7580509,7580431,7580462,78,71.559633,31,28.440367,251.612903,39.74359
489,7580509,7580603,7580556,7580587,63,67.021277,31,32.978723,203.225806,49.206349
490,7580603,7580712,7580634,7580650,93,85.321101,16,14.678899,581.25,17.204301
491,7580712,7580806,7580759,7580774,79,84.042553,15,15.957447,526.666667,18.987342
492,7580806,7580852,7580837,7580852,31,67.391304,15,32.608696,206.666667,48.387097
493,7580852,7580962,7580899,7580930,79,71.818182,31,28.181818,254.83871,39.240506
494,7580962,7581008,7580977,7580993,30,65.217391,16,34.782609,187.5,53.333333
495,7581008,7581102,7581055,7581071,78,82.978723,16,17.021277,487.5,20.512821
496,7581102,7581164,7581118,7581149,31,50,31,50,100,100
497,7581164,7581258,7581196,7581227,63,67.021277,31,32.978723,203.225806,49.206349
498,7581258,7581305,7581274,7581289,32,68.085106,15,31.914894,213.333333,46.875
499,7581305,7581414,7581352,7581367,94,86.238532,15,13.761468,626.666667,15.957447
500,7581414,7581461,7581414,7581445,16,34.042553,31,65.957447,51.612903,193.75
501,7581461,7581554,7581492,7581523,62,66.666667,31,33.333333,200,50
502,7581554,7581601,7581570,7581586,31,65.957447,16,34.042553,193.75,51.612903
503,7581601,7581710,7581632,7581664,77,70.642202,32,29.357798,240.625,41.558442
504,7581710,7581757,7581710,7581742,15,31.914894,32,68.085106,46.875,213.333333
505,7581757,7581851,7581788,7581804,78,82.978723,16,17.021277,487.5,20.512821
506,7581851,7581913,7581866,7581882,46,74.193548,16,25.806452,287.5,34.782609
507,7581913,7582007,7581929,7581960,63,67.021277,31,32.978723,203.225806,49.206349
508,7582007,7582054,7582007,7582038,16,34.042553,31,65.957447,51.612903,193.75
509,7582054,7582163,7582085,7582100,94,86.238532,15,13.761468,626.666667,15.957447
510,7582163,7582256,7582210,7582225,78,83.870968,15,16.129032,520,19.230769
511,7582256,7582350,7582288,7582303,79,84.042553,15,15.957447,526.666667,18.987342
512,7582350,7582459,7582412,7582428,93,85.321101,16,14.678899,581.25,17.204301
513,7582459,7582553,7582475,7582506,63,67.021277,31,32.978723,203.225806,49.206349
514,7582553,7582662,7582600,7582631,78,71.559633,31,28.440367,251.612903,39.74359
515,7582662,7582709,7582678,7582709,16,34.042553,31,65.957447,51.612903,193.75
516,7582709,7582802,7582756,7582771,78,83.870968,15,16.129032,520,19.230769
517,7582802,7582865,7582834,7582849,48,76.190476,15,23.809524,320,31.25
518,7582865,7582958,7582896,7582927,62,66.666667,31,33.333333,200,50
519,7582958,7583052,7582974,7583005,63,67.021277,31,32.978723,203.225806,49.206349
520,7583052,7583161,7583115,7583130,94,86.238532,15,13.761468,626.666667,15.957447
521,7583161,7583255,7583177,7583208,63,67.021277,31,32.978723,203.225806,49.206349
522,7583255,7583364,7583302,7583333,78,71.559633,31,28.440367,251.612903,39.74359
523,7583364,7583411,7583380,7583395,32,68.085106,15,31.914894,213.333333,46.875
524,7583411,7583505,7583458,7583473,79,84.042553,15,15.957447,526.666667,18.987342
525,7583505,7583551,7583520,7583551,15,32.608696,31,67.391304,48.387097,206.666667
526,7583551,7583661,7583598,7583614,94,85.454545,16,14.545455,587.5,17.021277
527,7583661,7583707,7583676,7583692,30,65.217391,16,34.782609,187.5,53.333333
528,7583707,7583801,7583739,7583770,63,67.021277,31,32.978723,203.225806,49.206349
529,7583801,7583863,7583817,7583848,31,50,31,50,100,100
530,7583863,7583957,7583895,7583926,63,67.021277,31,32.978723,203.225806,49.206349
531,7583957,7584004,7583973,7583988,32,68.085106,15,31.914894,213.333333,46.875
532,7584004,7584113,7584051,7584066,94,86.238532,15,13.761468,626.666667,15.957447
533,7584113,7584160,7584113,7584144,16,34.042553,31,65.957447,51.612903,193.75
534,7584160,7584253,7584191,7584207,77,82.795699,16,17.204301,481.25,20.779221
535,7584253,7584300,7584269,7584285,31,65.957447,16,34.042553,193.75,51.612903
536,7584300,7584409,7584331,7584363,77,70.642202,32,29.357798,240.625,41.558442
537,7584409,7584456,7584409,7584441,15,31.914894,32,68.085106,46.875,213.333333
538,7584456,7584550,7584487,7584503,78,82.978723,16,17.021277,487.5,20.512821
539,7584550,7584612,7584565,7584581,46,74.193548,16,25.806452,287.5,34.782609
540,7584612,7584706,7584643,7584659,78,82.978723,16,17.021277,487.5,20.512821
541,7584706,7584753,7584706,7584737,16,34.042553,31,65.957447,51.612903,193.75
542,7584753,7584862,7584784,7584815,78,71.559633,31,28.440367,251.612903,39.74359
543,7584862,7584909,7584862,7584877,32,68.085106,15,31.914894,213.333333,46.875
544,7584909,7585002,7584940,7584955,78,83.870968,15,16.129032,520,19.230769
545,7585002,7585111,7585065,7585080,94,86.238532,15,13.761468,626.666667,15.957447
546,7585111,7585158,7585127,7585158,16,34.042553,31,65.957447,51.612903,193.75
547,7585158,7585252,7585205,7585236,63,67.021277,31,32.978723,203.225806,49.206349
548,7585252,7585314,7585283,7585299,46,74.193548,16,25.806452,287.5,34.782609
549,7585314,7585408,7585361,7585377,78,82.978723,16,17.021277,487.5,20.512821
550,7585408,7585455,7585423,7585455,15,31.914894,32,68.085106,46.875,213.333333
551,7585455,7585564,7585501,7585533,77,70.642202,32,29.357798,240.625,41.558442
552,7585564,7585611,7585579,7585595,31,65.957447,16,34.042553,193.75,51.612903
553,7585611,7585704,7585642,7585673,62,66.666667,31,33.333333,200,50
554,7585704,7585751,7585720,7585751,16,34.042553,31,65.957447,51.612903,193.75
555,7585751,7585860,7585798,7585829,78,71.559633,31,28.440367,251.612903,39.74359
556,7585860,7585907,7585876,7585891,32,68.085106,15,31.914894,213.333333,46.875
557,7585907,7586001,7585954,7585969,79,84.042553,15,15.957447,526.666667,18.987342
558,7586001,7586063,7586016,7586047,31,50,31,50,100,100
559,7586063,7586157,7586094,7586125,63,67.021277,31,32.978723,203.225806,49.206349
560,7586157,7586203,7586172,7586203,15,32.608696,31,67.391304,48.387097,206.666667
561,7586203,7586313,7586250,7586266,94,85.454545,16,14.545455,587.5,17.021277
562,7586313,7586359,7586328,7586344,30,65.217391,16,34.782609,187.5,53.333333
563,7586359,7586453,7586391,7586422,63,67.021277,31,32.978723,203.225806,49.206349
564,7586453,7586500,7586469,7586500,16,34.042553,31,65.957447,51.612903,193.75
565,7586500,7586609,7586547,7586578,78,71.559633,31,28.440367,251.612903,39.74359
566,7586609,7586656,7586625,7586640,32,68.085106,15,31.914894,213.333333,46.875
567,7586656,7586765,7586703,7586718,94,86.238532,15,13.761468,626.666667,15.957447
568,7586765,7586812,7586765,7586796,16,34.042553,31,65.957447,51.612903,193.75
569,7586812,7586905,7586843,7586874,62,66.666667,31,33.333333,200,50
570,7586905,7586952,7586921,7586952,16,34.042553,31,65.957447,51.612903,193.75
571,7586952,7587061,7586999,7587015,93,85.321101,16,14.678899,581.25,17.204301
572,7587061,7587108,7587077,7587093,31,65.957447,16,34.042553,193.75,51.612903
573,7587108,7587202,7587139,7587171,62,65.957447,32,34.042553,193.75,51.612903
574,7587202,7587264,7587217,7587233,46,74.193548,16,25.806452,287.5,34.782609
575,7587264,7587358,7587295,7587311,78,82.978723,16,17.021277,487.5,20.512821
576,7587358,7587405,7587358,7587389,16,34.042553,31,65.957447,51.612903,193.75
577,7587405,7587514,7587436,7587467,78,71.559633,31,28.440367,251.612903,39.74359
578,7587514,7587561,7587514,7587529,32,68.085106,15,31.914894,213.333333,46.875
579,7587561,7587654,7587592,7587607,78,83.870968,15,16.129032,520,19.230769
580,7587654,7587763,7587701,7587732,78,71.559633,31,28.440367,251.612903,39.74359
581,7587763,7587810,7587779,7587810,16,34.042553,31,65.957447,51.612903,193.75
582,7587810,7587904,7587857,7587873,78,82.978723,16,17.021277,487.5,20.512821
583,7587904,7587951,7587935,7587951,31,65.957447,16,34.042553,193.75,51.612903
584,7587951,7588060,7587997,7588029,77,70.642202,32,29.357798,240.625,41.558442
585,7588060,7588107,7588075,7588107,15,31.914894,32,68.085106,46.875,213.333333
586,7588107,7588200,7588153,7588185,61,65.591398,32,34.408602,190.625,52.459016
587,7588200,7588263,7588231,7588247,47,74.603175,16,25.396825,293.75,34.042553
588,7588263,7588356,7588309,7588325,77,82.795699,16,17.204301,481.25,20.779221
589,7588356,7588403,7588372,7588403,16,34.042553,31,65.957447,51.612903,193.75
590,7588403,7588512,7588450,7588481,78,71.559633,31,28.440367,251.612903,39.74359
591,7588512,7588559,7588528,7588559,16,34.042553,31,65.957447,51.612903,193.75
592,7588559,7588653,7588606,7588621,79,84.042553,15,15.957447,526.666667,18.987342
593,7588653,7588715,7588684,7588699,47,75.806452,15,24.193548,313.333333,31.914894
594,7588715,7588809,7588746,7588777,63,67.021277,31,32.978723,203.225806,49.206349
595,7588809,7588855,7588824,7588855,15,32.608696,31,67.391304,48.387097,206.666667
596,7588855,7588965,7588902,7588933,79,71.818182,31,28.181818,254.83871,39.240506
597,7588965,7589011,7588980,7589011,15,32.608696,31,67.391304,48.387097,206.666667
598,7589011,7589105,7589058,7589074,78,82.978723,16,17.021277,487.5,20.512821
599,7589105,7589152,7589136,7589152,31,65.957447,16,34.042553,193.75,51.612903
600,7589152,7589261,7589199,7589230,78,71.559633,31,28.440367,251.612903,39.74359
601,7589261,7589308,7589277,7589308,16,34.042553,31,65.957447,51.612903,193.75
602,7589308,7589401,7589355,7589386,62,66.666667,31,33.333333,200,50
603,7589401,7589464,7589433,7589448,48,76.190476,15,23.809524,320,31.25
604,7589464,7589557,7589511,7589526,78,83.870968,15,16.129032,520,19.230769
605,7589557,7589604,7589573,7589604,16,34.042553,31,65.957447,51.612903,193.75
606,7589604,7589713,7589651,7589682,78,71.559633,31,28.440367,251.612903,39.74359
607,7589713,7589760,7589729,7589760,16,34.042553,31,65.957447,51.612903,193.75
608,7589760,7589854,7589807,7589823,78,82.978723,16,17.021277,487.5,20.512821
609,7589854,7589901,7589869,7589901,15,31.914894,32,68.085106,46.875,213.333333
610,7589901,7590010,7589947,7589979,77,70.642202,32,29.357798,240.625,41.558442
611,7590010,7590057,7590025,7590057,15,31.914894,32,68.085106,46.875,213.333333
612,7590057,7590150,7590103,7590119,77,82.795699,16,17.204301,481.25,20.779221
613,7590150,7590213,7590181,7590197,47,74.603175,16,25.396825,293.75,34.042553
614,7590213,7590306,7590244,7590275,62,66.666667,31,33.333333,200,50
615,7590306,7590353,7590322,7590353,16,34.042553,31,65.957447,51.612903,193.75
616,7590353,7590462,7590400,7590431,78,71.559633,31,28.440367,251.612903,39.74359
617,7590462,7590509,7590478,7590493,32,68.085106,15,31.914894,213.333333,46.875
618,7590509,7590603,7590556,7590571,79,84.042553,15,15.957447,526.666667,18.987342
619,7590603,7590665,7590618,7590649,31,50,31,50,100,100
620,7590665,7590759,7590696,7590712,78,82.978723,16,17.021277,487.5,20.512821
621,7590759,7590805,7590774,7590790,30,65.217391,16,34.782609,187.5,53.333333
622,7590805,7590915,7590837,7590868,79,71.818182,31,28.181818,254.83871,39.240506
623,7590915,7590961,7590915,7590930,31,67.391304,15,32.608696,206.666667,48.387097
624,7590961,7591055,7590993,7591008,79,84.042553,15,15.957447,526.666667,18.987342
625,7591055,7591102,7591055,7591086,16,34.042553,31,65.957447,51.612903,193.75
626,7591102,7591211,7591133,7591164,78,71.559633,31,28.440367,251.612903,39.74359
627,7591211,7591258,7591211,7591227,31,65.957447,16,34.042553,193.75,51.612903
628,7591258,7591351,7591289,7591305,77,82.795699,16,17.204301,481.25,20.779221
629,7591351,7591461,7591414,7591429,95,86.363636,15,13.636364,633.333333,15.789474
630,7591461,7591554,7591492,7591507,78,83.870968,15,16.129032,520,19.230769
631,7591554,7591663,7591601,7591632,78,71.559633,31,28.440367,251.612903,39.74359
632,7591663,7591757,7591679,7591710,63,67.021277,31,32.978723,203.225806,49.206349
633,7591757,7591851,7591804,7591835,63,67.021277,31,32.978723,203.225806,49.206349
634,7591851,7591960,7591882,7591913,78,71.559633,31,28.440367,251.612903,39.74359
635,7591960,7592053,7592007,7592038,62,66.666667,31,33.333333,200,50
636,7592053,7592163,7592085,7592100,95,86.363636,15,13.636364,633.333333,15.789474
637,7592163,7592256,7592209,7592225,77,82.795699,16,17.204301,481.25,20.779221
638,7592256,7592365,7592287,7592303,93,85.321101,16,14.678899,581.25,17.204301
639,7592365,7592459,7592412,7592428,78,82.978723,16,17.021277,487.5,20.512821
640,7592459,7592553,7592490,7592506,78,82.978723,16,17.021277,487.5,20.512821
641,7592553,7592662,7592615,7592631,93,85.321101,16,14.678899,581.25,17.204301
642,7592662,7592755,7592677,7592709,61,65.591398,32,34.408602,190.625,52.459016
643,7592755,7592865,7592802,7592833,79,71.818182,31,28.181818,254.83871,39.240506
644,7592865,7592911,7592880,7592911,15,32.608696,31,67.391304,48.387097,206.666667
645,7592911,7593005,7592958,7592974,78,82.978723,16,17.021277,487.5,20.512821
646,7593005,7593114,7593036,7593052,93,85.321101,16,14.678899,581.25,17.204301
647,7593114,7593208,7593161,7593177,78,82.978723,16,17.021277,487.5,20.512821
648,7593208,7593301,7593239,7593255,77,82.795699,16,17.204301,481.25,20.779221
649,7593301,7593411,7593364,7593379,95,86.363636,15,13.636364,633.333333,15.789474
650,7593411,7593457,7593426,7593457,15,32.608696,31,67.391304,48.387097,206.666667
651,7593457,7593551,7593504,7593520,78,82.978723,16,17.021277,487.5,20.512821
652,7593551,7593613,7593567,7593598,31,50,31,50,100,100
653,7593613,7593707,7593645,7593676,63,67.021277,31,32.978723,203.225806,49.206349
654,7593707,7593754,7593723,7593738,32,68.085106,15,31.914894,213.333333,46.875
655,7593754,7593863,7593801,7593816,94,86.238532,15,13.761468,626.666667,15.957447
656,7593863,7593910,7593863,7593894,16,34.042553,31,65.957447,51.612903,193.75
657,7593910,7594003,7593941,7593972,62,66.666667,31,33.333333,200,50
658,7594003,7594050,7594019,7594035,31,65.957447,16,34.042553,193.75,51.612903
659,7594050,7594159,7594097,7594113,93,85.321101,16,14.678899,581.25,17.204301
660,7594159,7594206,7594159,7594191,15,31.914894,32,68.085106,46.875,213.333333
661,7594206,7594315,7594237,7594269,77,70.642202,32,29.357798,240.625,41.558442
662,7594315,7594362,7594315,7594331,31,65.957447,16,34.042553,193.75,51.612903
663,7594362,7594456,7594393,7594409,78,82.978723,16,17.021277,487.5,20.512821
664,7594456,7594503,7594456,7594487,16,34.042553,31,65.957447,51.612903,193.75
665,7594503,7594612,7594534,7594565,78,71.559633,31,28.440367,251.612903,39.74359
666,7594612,7594659,7594612,7594627,32,68.085106,15,31.914894,213.333333,46.875
667,7594659,7594752,7594690,7594705,78,83.870968,15,16.129032,520,19.230769
668,7594752,7594861,7594815,7594830,94,86.238532,15,13.761468,626.666667,15.957447
669,7594861,7594908,7594877,7594908,16,34.042553,31,65.957447,51.612903,193.75
670,7594908,7595002,7594955,7594986,63,67.021277,31,32.978723,203.225806,49.206349
671,7595002,7595064,7595033,7595049,46,74.193548,16,25.806452,287.5,34.782609
672,7595064,7595158,7595095,7595127,62,65.957447,32,34.042553,193.75,51.612903
673,7595158,7595205,7595173,7595205,15,31.914894,32,68.085106,46.875,213.333333
674,7595205,7595314,7595251,7595283,77,70.642202,32,29.357798,240.625,41.558442
675,7595314,7595361,7595329,7595345,31,65.957447,16,34.042553,193.75,51.612903
676,7595361,7595454,7595407,7595423,77,82.795699,16,17.204301,481.25,20.779221
677,7595454,7595501,7595470,7595501,16,34.042553,31,65.957447,51.612903,193.75
678,7595501,7595610,7595548,7595563,94,86.238532,15,13.761468,626.666667,15.957447
679,7595610,7595657,7595626,7595641,32,68.085106,15,31.914894,213.333333,46.875
680,7595657,7595751,7595688,7595719,63,67.021277,31,32.978723,203.225806,49.206349
681,7595751,7595813,7595766,7595797,31,50,31,50,100,100
682,7595813,7595907,7595844,7595860,78,82.978723,16,17.021277,487.5,20.512821
683,7595907,7595953,7595922,7595938,30,65.217391,16,34.782609,187.5,53.333333
684,7595953,7596063,7595985,7596016,79,71.818182,31,28.181818,254.83871,39.240506
685,7596063,7596109,7596063,7596078,31,67.391304,15,32.608696,206.666667,48.387097
686,7596109,7596203,7596141,7596156,79,84.042553,15,15.957447,526.666667,18.987342
687,7596203,7596312,7596265,7596281,93,85.321101,16,14.678899,581.25,17.204301
688,7596312,7596406,7596343,7596359,78,82.978723,16,17.021277,487.5,20.512821
689,7596406,7596453,7596406,7596437,16,34.042553,31,65.957447,51.612903,193.75
690,7596453,7596562,7596484,7596515,78,71.559633,31,28.440367,251.612903,39.74359
691,7596562,7596655,7596609,7596640,62,66.666667,31,33.333333,200,50
692,7596655,7596702,7596687,7596702,32,68.085106,15,31.914894,213.333333,46.875
693,7596702,7596811,7596749,7596780,78,71.559633,31,28.440367,251.612903,39.74359
694,7596811,7596858,7596827,7596858,16,34.042553,31,65.957447,51.612903,193.75
695,7596858,7596952,7596905,7596936,63,67.021277,31,32.978723,203.225806,49.206349
696,7596952,7597061,7596983,7597014,78,71.559633,31,28.440367,251.612903,39.74359
697,7597061,7597155,7597108,7597139,63,67.021277,31,32.978723,203.225806,49.206349
698,7597155,7597264,7597186,7597217,78,71.559633,31,28.440367,251.612903,39.74359
699,7597264,7597311,7597264,7597295,16,34.042553,31,65.957447,51.612903,193.75
700,7597311,7597404,7597342,7597373,62,66.666667,31,33.333333,200,50
701,7597404,7597451,7597420,7597435,32,68.085106,15,31.914894,213.333333,46.875
702,7597451,7597560,7597498,7597513,94,86.238532,15,13.761468,626.666667,15.957447
703,7597560,7597607,7597560,7597591,16,34.042553,31,65.957447,51.612903,193.75
704,7597607,7597701,7597638,7597669,63,67.021277,31,32.978723,203.225806,49.206349
705,7597701,7597763,7597732,7597747,47,75.806452,15,24.193548,313.333333,31.914894
706,7597763,7597857,7597794,7597825,63,67.021277,31,32.978723,203.225806,49.206349
707,7597857,7597903,7597872,7597903,15,32.608696,31,67.391304,48.387097,206.666667
708,7597903,7598013,7597950,7597966,94,85.454545,16,14.545455,587.5,17.021277
709,7598013,7598059,7598028,7598044,30,65.217391,16,34.782609,187.5,53.333333
710,7598059,7598153,7598091,7598122,63,67.021277,31,32.978723,203.225806,49.206349
711,7598153,7598215,7598169,7598200,31,50,31,50,100,100
712,7598215,7598309,7598247,7598278,63,67.021277,31,32.978723,203.225806,49.206349
713,7598309,7598356,7598325,7598340,32,68.085106,15,31.914894,213.333333,46.875
714,7598356,7598465,7598403,7598418,94,86.238532,15,13.761468,626.666667,15.957447
715,7598465,7598512,7598465,7598496,16,34.042553,31,65.957447,51.612903,193.75
716,7598512,7598605,7598543,7598574,62,66.666667,31,33.333333,200,50
717,7598605,7598652,7598621,7598652,16,34.042553,31,65.957447,51.612903,193.75
718,7598652,7598761,7598699,7598730,78,71.559633,31,28.440367,251.612903,39.74359
719,7598761,7598855,7598777,7598808,63,67.021277,31,32.978723,203.225806,49.206349
720,7598855,7598964,7598902,7598933,78,71.559633,31,28.440367,251.612903,39.74359
721,7598964,7599058,7598980,7599011,63,67.021277,31,32.978723,203.225806,49.206349
722,7599058,7599105,7599058,7599089,16,34.042553,31,65.957447,51.612903,193.75
723,7599105,7599214,7599136,7599167,78,71.559633,31,28.440367,251.612903,39.74359
724,7599214,7599261,7599214,7599229,32,68.085106,15,31.914894,213.333333,46.875
725,7599261,7599354,7599292,7599307,78,83.870968,15,16.129032,520,19.230769
726,7599354,7599401,7599354,7599385,16,34.042553,31,65.957447,51.612903,193.75
727,7599401,7599463,7599432,7599463,31,50,31,50,100,100
728,7599463,7599557,7599510,7599526,78,82.978723,16,17.021277,487.5,20.512821
729,7599557,7599604,7599588,7599604,31,65.957447,16,34.042553,193.75,51.612903
730,7599604,7599713,7599651,7599682,78,71.559633,31,28.440367,251.612903,39.74359
731,7599713,7599760,7599729,7599760,16,34.042553,31,65.957447,51.612903,193.75
732,7599760,7599853,7599807,7599838,62,66.666667,31,33.333333,200,50
733,7599853,7599916,7599885,7599900,48,76.190476,15,23.809524,320,31.25
734,7599916,7600009,7599947,7599978,62,66.666667,31,33.333333,200,50
735,7600009,7600056,7600025,7600056,16,34.042553,31,65.957447,51.612903,193.75
736,7600056,7600165,7600103,7600119,93,85.321101,16,14.678899,581.25,17.204301
737,7600165,7600212,7600181,7600197,31,65.957447,16,34.042553,193.75,51.612903
738,7600212,7600306,7600243,7600275,62,65.957447,32,34.042553,193.75,51.612903
739,7600306,7600353,7600321,7600353,15,31.914894,32,68.085106,46.875,213.333333
740,7600353,7600462,7600399,7600415,93,85.321101,16,14.678899,581.25,17.204301
741,7600462,7600509,7600477,7600493,31,65.957447,16,34.042553,193.75,51.612903
742,7600509,7600602,7600540,7600571,62,66.666667,31,33.333333,200,50
743,7600602,7600665,7600618,7600649,32,50.793651,31,49.206349,103.225806,96.875
744,7600665,7600758,7600696,7600711,78,83.870968,15,16.129032,520,19.230769
745,7600758,7600805,7600774,7600789,32,68.085106,15,31.914894,213.333333,46.875
746,7600805,7600914,7600852,7600867,94,86.238532,15,13.761468,626.666667,15.957447
747,7600914,7600961,7600914,7600945,16,34.042553,31,65.957447,51.612903,193.75
748,7600961,7601055,7600992,7601023,63,67.021277,31,32.978723,203.225806,49.206349
749,7601055,7601101,7601070,7601086,30,65.217391,16,34.782609,187.5,53.333333
750,7601101,7601211,7601148,7601164,94,85.454545,16,14.545455,587.5,17.021277
751,7601211,7601257,7601211,7601242,15,32.608696,31,67.391304,48.387097,206.666667
752,7601257,7601351,7601289,7601320,63,67.021277,31,32.978723,203.225806,49.206349
753,7601351,7601413,7601367,7601382,47,75.806452,15,24.193548,313.333333,31.914894
754,7601413,7601507,7601445,7601460,79,84.042553,15,15.957447,526.666667,18.987342
755,7601507,7601554,7601507,7601538,16,34.042553,31,65.957447,51.612903,193.75
756,7601554,7601663,7601585,7601616,78,71.559633,31,28.440367,251.612903,39.74359
757,7601663,7601710,7601663,7601679,31,65.957447,16,34.042553,193.75,51.612903
758,7601710,7601757,7601725,7601757,15,31.914894,32,68.085106,46.875,213.333333
759,7601757,7601866,7601803,7601835,77,70.642202,32,29.357798,240.625,41.558442
760,7601866,7601913,7601881,7601897,31,65.957447,16,34.042553,193.75,51.612903
761,7601913,7602006,7601959,7601975,77,82.795699,16,17.204301,481.25,20.779221
762,7602006,7602053,7602022,7602053,16,34.042553,31,65.957447,51.612903,193.75
763,7602053,7602162,7602100,7602115,94,86.238532,15,13.761468,626.666667,15.957447
764,7602162,7602209,7602178,7602193,32,68.085106,15,31.914894,213.333333,46.875
765,7602209,7602303,7602240,7602271,63,67.021277,31,32.978723,203.225806,49.206349
766,7602303,7602365,7602318,7602349,31,50,31,50,100,100
767,7602365,7602459,7602396,7602412,78,82.978723,16,17.021277,487.5,20.512821
768,7602459,7602505,7602474,7602490,30,65.217391,16,34.782609,187.5,53.333333
769,7602505,7602615,7602537,7602568,79,71.818182,31,28.181818,254.83871,39.240506
770,7602615,7602661,7602615,7602646,15,32.608696,31,67.391304,48.387097,206.666667
771,7602661,7602755,7602693,7602724,63,67.021277,31,32.978723,203.225806,49.206349
772,7602755,7602802,7602771,7602786,32,68.085106,15,31.914894,213.333333,46.875
773,7602802,7602911,7602833,7602864,78,71.559633,31,28.440367,251.612903,39.74359
774,7602911,7602958,7602911,7602942,16,34.042553,31,65.957447,51.612903,193.75
775,7602958,7603051,7602989,7603005,77,82.795699,16,17.204301,481.25,20.779221
776,7603051,7603114,7603067,7603083,47,74.603175,16,25.396825,293.75,34.042553
777,7603114,7603207,7603129,7603161,61,65.591398,32,34.408602,190.625,52.459016
778,7603207,7603254,7603207,7603239,15,31.914894,32,68.085106,46.875,213.333333
779,7603254,7603363,7603285,7603301,93,85.321101,16,14.678899,581.25,17.204301
780,7603363,7603457,7603410,7603426,78,82.978723,16,17.021277,487.5,20.512821
781,7603457,7603504,7603488,7603504,31,65.957447,16,34.042553,193.75,51.612903
782,7603504,7603613,7603551,7603582,78,71.559633,31,28.440367,251.612903,39.74359
783,7603613,7603660,7603629,7603660,16,34.042553,31,65.957447,51.612903,193.75
784,7603660,7603753,7603707,7603722,78,83.870968,15,16.129032,520,19.230769
785,7603753,7603816,7603785,7603800,48,76.190476,15,23.809524,320,31.25
786,7603816,7603909,7603847,7603878,62,66.666667,31,33.333333,200,50
787,7603909,7603956,7603925,7603956,16,34.042553,31,65.957447,51.612903,193.75
788,7603956,7604065,7604003,7604019,93,85.321101,16,14.678899,581.25,17.204301
789,7604065,7604112,7604081,7604097,31,65.957447,16,34.042553,193.75,51.612903
790,7604112,7604206,7604143,7604175,62,65.957447,32,34.042553,193.75,51.612903
791,7604206,7604253,7604221,7604237,31,65.957447,16,34.042553,193.75,51.612903
792,7604253,7604362,7604299,7604315,93,85.321101,16,14.678899,581.25,17.204301
793,7604362,7604409,7604362,7604393,16,34.042553,31,65.957447,51.612903,193.75
794,7604409,7604502,7604440,7604471,62,66.666667,31,33.333333,200,50
795,7604502,7604565,7604518,7604533,48,76.190476,15,23.809524,320,31.25
796,7604565,7604658,7604580,7604611,62,66.666667,31,33.333333,200,50
797,7604658,7604752,7604705,7604736,63,67.021277,31,32.978723,203.225806,49.206349
798,7604752,7604814,7604783,7604799,46,74.193548,16,25.806452,287.5,34.782609
799,7604814,7604908,7604861,7604877,78,82.978723,16,17.021277,487.5,20.512821
800,7604908,7604955,7604923,7604955,15,31.914894,32,68.085106,46.875,213.333333
801,7604955,7605064,7605001,7605017,93,85.321101,16,14.678899,581.25,17.204301
802,7605064,7605111,7605079,7605095,31,65.957447,16,34.042553,193.75,51.612903
803,7605111,7605204,7605142,7605173,62,66.666667,31,33.333333,200,50
804,7605204,7605251,7605220,7605251,16,34.042553,31,65.957447,51.612903,193.75
805,7605251,7605360,7605298,7605313,94,86.238532,15,13.761468,626.666667,15.957447
806,7605360,7605407,7605376,7605391,32,68.085106,15,31.914894,213.333333,46.875
807,7605407,7605516,7605438,7605469,78,71.559633,31,28.440367,251.612903,39.74359
808,7605516,7605563,7605516,7605532,31,65.957447,16,34.042553,193.75,51.612903
809,7605563,7605657,7605594,7605610,78,82.978723,16,17.021277,487.5,20.512821
810,7605657,7605703,7605657,7605688,15,32.608696,31,67.391304,48.387097,206.666667
811,7605703,7605813,7605735,7605766,79,71.818182,31,28.181818,254.83871,39.240506
812,7605813,7605859,7605813,7605828,31,67.391304,15,32.608696,206.666667,48.387097
813,7605859,7605953,7605891,7605906,79,84.042553,15,15.957447,526.666667,18.987342
814,7605953,7606062,7606000,7606031,78,71.559633,31,28.440367,251.612903,39.74359
815,7606062,7606109,7606078,7606109,16,34.042553,31,65.957447,51.612903,193.75
816,7606109,7606203,7606156,7606187,63,67.021277,31,32.978723,203.225806,49.206349
817,7606203,7606265,7606234,7606249,47,75.806452,15,24.193548,313.333333,31.914894
818,7606265,7606359,7606312,7606327,79,84.042553,15,15.957447,526.666667,18.987342
819,7606359,7606405,7606374,7606405,15,32.608696,31,67.391304,48.387097,206.666667
820,7606405,7606515,7606452,7606468,94,85.454545,16,14.545455,587.5,17.021277
821,7606515,7606561,7606530,7606546,30,65.217391,16,34.782609,187.5,53.333333
822,7606561,7606655,7606593,7606624,63,67.021277,31,32.978723,203.225806,49.206349
823,7606655,7606702,7606671,7606702,16,34.042553,31,65.957447,51.612903,193.75
824,7606702,7606811,7606749,7606780,78,71.559633,31,28.440367,251.612903,39.74359
825,7606811,7606858,7606827,7606842,32,68.085106,15,31.914894,213.333333,46.875
826,7606858,7606951,7606905,7606920,78,83.870968,15,16.129032,520,19.230769
827,7606951,7607014,7606967,7606998,32,50.793651,31,49.206349,103.225806,96.875
828,7607014,7607107,7607045,7607076,62,66.666667,31,33.333333,200,50
829,7607107,7607154,7607123,7607139,31,65.957447,16,34.042553,193.75,51.612903
830,7607154,7607263,7607201,7607217,93,85.321101,16,14.678899,581.25,17.204301
831,7607263,7607310,7607263,7607295,15,31.914894,32,68.085106,46.875,213.333333
832,7607310,7607404,7607341,7607373,62,65.957447,32,34.042553,193.75,51.612903
833,7607404,7607466,7607419,7607435,46,74.193548,16,25.806452,287.5,34.782609
834,7607466,7607560,7607482,7607513,63,67.021277,31,32.978723,203.225806,49.206349
835,7607560,7607653,7607607,7607638,62,66.666667,31,33.333333,200,50
836,7607653,7607716,7607685,7607700,48,76.190476,15,23.809524,320,31.25
837,7607716,7607809,7607763,7607778,78,83.870968,15,16.129032,520,19.230769
838,7607809,7607856,7607825,7607856,16,34.042553,31,65.957447,51.612903,193.75
839,7607856,7607965,7607903,7607934,78,71.559633,31,28.440367,251.612903,39.74359
840,7607965,7608012,7607981,7607997,31,65.957447,16,34.042553,193.75,51.612903
841,7608012,7608106,7608059,7608075,78,82.978723,16,17.021277,487.5,20.512821
842,7608106,7608153,7608121,7608153,15,31.914894,32,68.085106,46.875,213.333333
843,7608153,7608262,7608199,7608231,77,70.642202,32,29.357798,240.625,41.558442
844,7608262,7608309,7608277,7608293,31,65.957447,16,34.042553,193.75,51.612903
845,7608309,7608402,7608355,7608371,77,82.795699,16,17.204301,481.25,20.779221
846,7608402,7608465,7608418,7608449,32,50.793651,31,49.206349,103.225806,96.875
847,7608465,7608558,7608496,7608511,78,83.870968,15,16.129032,520,19.230769
848,7608558,7608605,7608574,7608589,32,68.085106,15,31.914894,213.333333,46.875
849,7608605,7608714,7608636,7608667,78,71.559633,31,28.440367,251.612903,39.74359
850,7608714,7608761,7608714,7608745,16,34.042553,31,65.957447,51.612903,193.75
851,7608761,7608855,7608792,7608823,63,67.021277,31,32.978723,203.225806,49.206349
852,7608855,7608917,7608870,7608886,46,74.193548,16,25.806452,287.5,34.782609
853,7608917,7609011,7608948,7608964,78,82.978723,16,17.021277,487.5,20.512821
854,7609011,7609057,7609011,7609042,15,32.608696,31,67.391304,48.387097,206.666667
855,7609057,7609167,7609089,7609104,95,86.363636,15,13.636364,633.333333,15.789474
856,7609167,7609260,7609213,7609229,77,82.795699,16,17.204301,481.25,20.779221
857,7609260,7609307,7609276,7609307,16,34.042553,31,65.957447,51.612903,193.75
858,7609307,7609416,7609354,7609385,78,71.559633,31,28.440367,251.612903,39.74359
859,7609416,7609463,7609432,7609447,32,68.085106,15,31.914894,213.333333,46.875
860,7609463,7609557,7609510,7609525,79,84.042553,15,15.957447,526.666667,18.987342
861,7609557,7609603,7609572,7609603,15,32.608696,31,67.391304,48.387097,206.666667
862,7609603,7609713,7609650,7609681,79,71.818182,31,28.181818,254.83871,39.240506
863,7609713,7609759,7609728,7609744,30,65.217391,16,34.782609,187.5,53.333333
864,7609759,7609853,7609791,7609822,63,67.021277,31,32.978723,203.225806,49.206349
865,7609853,7609915,7609869,7609900,31,50,31,50,100,100
866,7609915,7610009,7609947,7609962,79,84.042553,15,15.957447,526.666667,18.987342
867,7610009,7610056,7610025,7610040,32,68.085106,15,31.914894,213.333333,46.875
868,7610056,7610165,7610087,7610118,78,71.559633,31,28.440367,251.612903,39.74359
869,7610165,7610212,7610165,7610181,31,65.957447,16,34.042553,193.75,51.612903
870,7610212,7610305,7610243,7610259,77,82.795699,16,17.204301,481.25,20.779221
871,7610305,7610352,7610305,7610337,15,31.914894,32,68.085106,46.875,213.333333
872,7610352,7610461,7610383,7610415,77,70.642202,32,29.357798,240.625,41.558442
873,7610461,7610555,7610508,7610539,63,67.021277,31,32.978723,203.225806,49.206349
874,7610555,7610617,7610586,7610602,46,74.193548,16,25.806452,287.5,34.782609
875,7610617,7610711,7610649,7610680,63,67.021277,31,32.978723,203.225806,49.206349
876,7610711,7610758,7610727,7610758,16,34.042553,31,65.957447,51.612903,193.75
877,7610758,7610867,7610805,7610820,94,86.238532,15,13.761468,626.666667,15.957447
878,7610867,7610914,7610883,7610898,32,68.085106,15,31.914894,213.333333,46.875
879,7610914,7611007,7610945,7610976,62,66.666667,31,33.333333,200,50
880,7611007,7611054,7611023,7611054,16,34.042553,31,65.957447,51.612903,193.75
881,7611054,7611163,7611101,7611117,93,85.321101,16,14.678899,581.25,17.204301
882,7611163,7611210,7611163,7611195,15,31.914894,32,68.085106,46.875,213.333333
883,7611210,7611304,7611241,7611273,62,65.957447,32,34.042553,193.75,51.612903
884,7611304,7611366,7611319,7611335,46,74.193548,16,25.806452,287.5,34.782609
885,7611366,7611460,7611397,7611413,78,82.978723,16,17.021277,487.5,20.512821
886,7611460,7611507,7611460,7611491,16,34.042553,31,65.957447,51.612903,193.75
887,7611507,7611616,7611538,7611553,94,86.238532,15,13.761468,626.666667,15.957447
888,7611616,7611663,7611616,7611631,32,68.085106,15,31.914894,213.333333,46.875
889,7611663,7611709,7611678,7611709,15,32.608696,31,67.391304,48.387097,206.666667
890,7611709,7611803,7611756,7611772,78,82.978723,16,17.021277,487.5,20.512821
891,7611803,7611865,7611834,7611850,46,74.193548,16,25.806452,287.5,34.782609
892,7611865,7611959,7611897,7611928,63,67.021277,31,32.978723,203.225806,49.206349
893,7611959,7612006,7611975,7612006,16,34.042553,31,65.957447,51.612903,193.75
894,7612006,7612115,7612053,7612068,94,86.238532,15,13.761468,626.666667,15.957447
895,7612115,7612162,7612115,7612146,16,34.042553,31,65.957447,51.612903,193.75
896,7612162,7612255,7612193,7612224,62,66.666667,31,33.333333,200,50
897,7612255,7612302,7612271,7612287,31,65.957447,16,34.042553,193.75,51.612903
898,7612302,7612411,7612349,7612365,93,85.321101,16,14.678899,581.25,17.204301
899,7612411,7612458,7612411,7612443,15,31.914894,32,68.085106,46.875,213.333333
900,7612458,7612567,7612489,7612505,93,85.321101,16,14.678899,581.25,17.204301
901,7612567,7612614,7612567,7612583,31,65.957447,16,34.042553,193.75,51.612903
902,7612614,7612708,7612630,7612661,63,67.021277,31,32.978723,203.225806,49.206349
903,7612708,7612817,7612755,7612786,78,71.559633,31,28.440367,251.612903,39.74359
904,7612817,7612864,7612833,7612848,32,68.085106,15,31.914894,213.333333,46.875
905,7612864,7612957,7612911,7612926,78,83.870968,15,16.129032,520,19.230769
906,7612957,7613004,7612989,7613004,32,68.085106,15,31.914894,213.333333,46.875
907,7613004,7613113,7613051,7613082,78,71.559633,31,28.440367,251.612903,39.74359
908,7613113,7613160,7613129,7613145,31,65.957447,16,34.042553,193.75,51.612903
909,7613160,7613254,7613207,7613223,78,82.978723,16,17.021277,487.5,20.512821
910,7613254,7613316,7613269,7613301,30,48.387097,32,51.612903,93.75,106.666667
911,7613316,7613410,7613347,7613379,62,65.957447,32,34.042553,193.75,51.612903
912,7613410,7613457,7613425,7613441,31,65.957447,16,34.042553,193.75,51.612903
913,7613457,7613566,7613488,7613519,78,71.559633,31,28.440367,251.612903,39.74359
914,7613566,7613613,7613566,7613581,32,68.085106,15,31.914894,213.333333,46.875
915,7613613,7613706,7613644,7613659,78,83.870968,15,16.129032,520,19.230769
916,7613706,7613753,7613706,7613737,16,34.042553,31,65.957447,51.612903,193.75
917,7613753,7613862,7613800,7613815,94,86.238532,15,13.761468,626.666667,15.957447
918,7613862,7613909,7613862,7613893,16,34.042553,31,65.957447,51.612903,193.75
919,7613909,7614003,7613940,7613971,63,67.021277,31,32.978723,203.225806,49.206349
920,7614003,7614065,7614018,7614034,46,74.193548,16,25.806452,287.5,34.782609
921,7614065,7614159,7614081,7614112,63,67.021277,31,32.978723,203.225806,49.206349
922,7614159,7614205,7614159,7614190,15,32.608696,31,67.391304,48.387097,206.666667
923,7614205,7614252,7614237,7614252,32,68.085106,15,31.914894,213.333333,46.875
924,7614252,7614362,7614315,7614330,95,86.363636,15,13.636364,633.333333,15.789474
925,7614362,7614408,7614377,7614408,15,32.608696,31,67.391304,48.387097,206.666667
926,7614408,7614518,7614455,7614486,79,71.818182,31,28.181818,254.83871,39.240506
927,7614518,7614564,7614533,7614549,30,65.217391,16,34.782609,187.5,53.333333
928,7614564,7614658,7614596,7614627,63,67.021277,31,32.978723,203.225806,49.206349
929,7614658,7614705,7614674,7614705,16,34.042553,31,65.957447,51.612903,193.75
930,7614705,7614814,7614752,7614767,94,86.238532,15,13.761468,626.666667,15.957447
931,7614814,7614861,7614814,7614845,16,34.042553,31,65.957447,51.612903,193.75
932,7614861,7614954,7614892,7614923,62,66.666667,31,33.333333,200,50
933,7614954,7615017,7614970,7614986,47,74.603175,16,25.396825,293.75,34.042553
934,7615017,7615110,7615032,7615064,61,65.591398,32,34.408602,190.625,52.459016
935,7615110,7615157,7615110,7615142,15,31.914894,32,68.085106,46.875,213.333333
936,7615157,7615204,7615188,7615204,31,65.957447,16,34.042553,193.75,51.612903
937,7615204,7615313,7615251,7615282,78,71.559633,31,28.440367,251.612903,39.74359
938,7615313,7615360,7615329,7615360,16,34.042553,31,65.957447,51.612903,193.75
939,7615360,7615454,7615407,7615422,79,84.042553,15,15.957447,526.666667,18.987342
940,7615454,7615516,7615485,7615500,47,75.806452,15,24.193548,313.333333,31.914894
941,7615516,7615610,7615547,7615578,63,67.021277,31,32.978723,203.225806,49.206349
942,7615610,7615656,7615625,7615656,15,32.608696,31,67.391304,48.387097,206.666667
943,7615656,7615766,7615703,7615719,94,85.454545,16,14.545455,587.5,17.021277
944,7615766,7615812,7615781,7615797,30,65.217391,16,34.782609,187.5,53.333333
945,7615812,7615906,7615844,7615875,63,67.021277,31,32.978723,203.225806,49.206349
946,7615906,7615953,7615922,7615953,16,34.042553,31,65.957447,51.612903,193.75
947,7615953,7616062,7616000,7616015,94,86.238532,15,13.761468,626.666667,15.957447
948,7616062,7616109,7616062,7616093,16,34.042553,31,65.957447,51.612903,193.75
949,7616109,7616218,7616140,7616171,78,71.559633,31,28.440367,251.612903,39.74359
950,7616218,7616265,7616218,7616234,31,65.957447,16,34.042553,193.75,51.612903
951,7616265,7616358,7616296,7616312,77,82.795699,16,17.204301,481.25,20.779221
952,7616358,7616405,7616358,7616390,15,31.914894,32,68.085106,46.875,213.333333
953,7616405,7616514,7616436,7616468,77,70.642202,32,29.357798,240.625,41.558442
954,7616514,7616561,7616514,7616530,31,65.957447,16,34.042553,193.75,51.612903
955,7616561,7616655,7616592,7616608,78,82.978723,16,17.021277,487.5,20.512821
956,7616655,7616764,7616717,7616733,93,85.321101,16,14.678899,581.25,17.204301
957,7616764,7616811,7616780,7616811,16,34.042553,31,65.957447,51.612903,193.75
958,7616811,7616904,7616858,7616889,62,66.666667,31,33.333333,200,50
959,7616904,7616967,7616936,7616951,48,76.190476,15,23.809524,320,31.25
960,7616967,7617060,7616998,7617029,62,66.666667,31,33.333333,200,50
961,7617060,7617107,7617076,7617107,16,34.042553,31,65.957447,51.612903,193.75
962,7617107,7617216,7617154,7617170,93,85.321101,16,14.678899,581.25,17.204301
963,7617216,7617263,7617232,7617248,31,65.957447,16,34.042553,193.75,51.612903
964,7617263,7617357,7617294,7617326,62,65.957447,32,34.042553,193.75,51.612903
965,7617357,7617404,7617372,7617388,31,65.957447,16,34.042553,193.75,51.612903
966,7617404,7617513,7617450,7617466,93,85.321101,16,14.678899,581.25,17.204301
967,7617513,7617560,7617513,7617544,16,34.042553,31,65.957447,51.612903,193.75
968,7617560,7617653,7617591,7617622,62,66.666667,31,33.333333,200,50
969,7617653,7617716,7617669,7617684,48,76.190476,15,23.809524,320,31.25
970,7617716,7617809,7617747,7617762,78,83.870968,15,16.129032,520,19.230769
971,7617809,7617856,7617809,7617840,16,34.042553,31,65.957447,51.612903,193.75
972,7617856,7617965,7617887,7617903,93,85.321101,16,14.678899,581.25,17.204301
973,7617965,7618059,7618012,7618028,78,82.978723,16,17.021277,487.5,20.512821
974,7618059,7618106,7618090,7618106,31,65.957447,16,34.042553,193.75,51.612903
975,7618106,7618215,7618152,7618184,77,70.642202,32,29.357798,240.625,41.558442
976,7618215,7618262,7618230,7618262,15,31.914894,32,68.085106,46.875,213.333333
977,7618262,7618355,7618308,7618324,77,82.795699,16,17.204301,481.25,20.779221
978,7618355,7618418,7618371,7618402,32,50.793651,31,49.206349,103.225806,96.875
979,7618418,7618511,7618449,7618480,62,66.666667,31,33.333333,200,50
980,7618511,7618558,7618527,7618542,32,68.085106,15,31.914894,213.333333,46.875
981,7618558,7618667,7618605,7618620,94,86.238532,15,13.761468,626.666667,15.957447
982,7618667,7618714,7618667,7618698,16,34.042553,31,65.957447,51.612903,193.75
983,7618714,7618808,7618745,7618776,63,67.021277,31,32.978723,203.225806,49.206349
984,7618808,7618854,7618823,7618839,30,65.217391,16,34.782609,187.5,53.333333
985,7618854,7618964,7618901,7618917,94,85.454545,16,14.545455,587.5,17.021277
986,7618964,7619010,7618964,7618995,15,32.608696,31,67.391304,48.387097,206.666667
987,7619010,7619104,7619042,7619073,63,67.021277,31,32.978723,203.225806,49.206349
988,7619104,7619166,7619120,7619135,47,75.806452,15,24.193548,313.333333,31.914894
989,7619166,7619260,7619198,7619213,79,84.042553,15,15.957447,526.666667,18.987342
990,7619260,7619307,7619260,7619291,16,34.042553,31,65.957447,51.612903,193.75
991,7619307,7619416,7619338,7619369,78,71.559633,31,28.440367,251.612903,39.74359
992,7619416,7619463,7619416,7619432,31,65.957447,16,34.042553,193.75,51.612903
993,7619463,7619556,7619494,7619510,77,82.795699,16,17.204301,481.25,20.779221
994,7619556,7619666,7619603,7619634,79,71.818182,31,28.181818,254.83871,39.240506
995,7619666,7619712,7619681,7619712,15,32.608696,31,67.391304,48.387097,206.666667
996,7619712,7619806,7619759,7619775,78,82.978723,16,17.021277,487.5,20.512821
997,7619806,7619853,7619822,7619853,16,34.042553,31,65.957447,51.612903,193.75
998,7619853,7619962,7619900,7619931,78,71.559633,31,28.440367,251.612903,39.74359
999,7619962,7620009,7619978,7619993,32,68.085106,15,31.914894,213.333333,46.875
